Epoch,AvgClassLoss,AvgSentiLoss,ClassAccuracy,SentiAccuracy
1,0.9678447757448468,0.9306846444423382,0.6818181818181818,0.8095238095238095
2,0.10972777408148561,0.42939958664087147,0.8181818181818182,0.9285714285714286
3,0.02059986289324505,0.21139959124131844,0.9090909090909091,0.8333333333333334
4,0.013744446548766323,0.09126468196224707,0.8409090909090909,0.9047619047619048
5,0.008307952267516936,0.01948586693749978,0.9318181818181818,0.9523809523809523
6,0.003045158543890076,0.002641427106797122,0.9318181818181818,0.9285714285714286
7,0.0024474934325553477,0.0014869255470470167,0.9090909090909091,0.9761904761904762
8,0.0020909590031286435,0.001272942369373945,0.9090909090909091,0.9761904761904762
